course_id,prereq_id
114759,116960
114765,114764
114767,114764
114768,114764
114769,114764
114769,119873
114769,115870
114770,114764
114771,114764
114771,115608
114772,115608
114773,118396
114773,114765
114778,114764
114778,114776
114778,114781
114779,114764
114779,114776
114779,114781
114779,114778
114780,114764
114780,114776
114780,114781
114781,114776
114781,114764
114782,114828
114782,114787
114783,114815
114784,114822
114785,120026
114785,120135
114785,114811
114785,118441
114786,115089
114786,114811
114787,115352
114787,120167
114787,115062
114788,114811
114788,114786
114789,114784
114789,114816
114789,114787
114789,120126
114801,114800
114804,120126
114804,114811
114804,118441
114808,116964
114808,118187
114809,116964
114809,118187
114811,115352
114811,120167
114811,115062
114815,115062
114815,115352
114815,120167
114816,120135
114816,120126
114816,114822
114822,115377
114822,120168
114822,115062
114825,114822
114826,114828
114826,114787
114827,114814
114828,115341
114828,120166
114828,115062
114861,116485
114861,116961
114876,116970
114889,114902
114889,114904
114890,114906
114891,114903
114892,114891
114893,114888
114894,114893
114895,114892
114896,114892
114898,114904
114899,114900
114900,114896
114900,114894
114903,114999
114906,114904
114907,114896
114911,114905
114912,114911
114913,114898
114914,114913
114915,114897
114925,116234
114926,116234
114928,116234
114929,116234
114929,115161
114929,114878
114930,116234
114931,115957
114931,115340
114931,116970
114931,114870
114932,116234
114932,116691
114934,116234
114935,114931
114936,116234
114936,116691
114937,116234
114938,115161
114940,115161
114942,115161
114942,115164
114942,115183
114942,115184
114948,114878
114949,114878
114951,116234
114953,116234
114957,114929
114967,114968
114967,114925
114968,114967
114970,115661
114971,114937
114977,115161
114979,116234
114979,115161
114979,114878
114981,116234
114982,116234
114991,115021
114991,115022
114995,116645
115001,115000
115002,115000
115005,114997
115005,115000
115006,114998
115007,115732
115007,115745
115009,114985
115011,115069
115011,115010
115012,115010
115012,115011
115014,115010
115015,115010
115015,115011
115016,115010
115017,115003
115018,114998
115018,115003
115019,115017
115019,115018
115020,114998
115024,115023
115024,114998
115025,115004
115028,115005
115029,115005
115030,115005
115031,115001
115031,115002
115032,115000
115032,115001
115032,115002
115033,114997
115033,115000
115034,115005
115035,115002
115035,115005
115036,115005
115036,115034
115036,115078
115036,115035
115037,114998
115039,115006
115040,114998
115046,115045
115050,115049
115050,115042
115061,115112
115062,116970
115062,115341
115062,120166
115070,114998
115071,114998
115072,114998
115074,115062
115074,115352
115074,120167
115078,115005
115078,115034
115080,115000
115080,115002
115081,114997
115081,115000
115082,115010
115084,115069
115084,115010
115085,115049
115085,115052
115086,115732
115086,115745
115088,115045
115089,115074
115089,115352
115089,120167
115094,115732
115095,115731
115095,115732
115095,115744
115096,115745
115097,115745
115100,115731
115100,115732
115101,115731
115103,115731
115105,115731
115106,115732
115107,115732
115108,115732
115109,115732
115110,115732
115111,115732
115112,115732
115113,115732
115115,115745
115116,115732
115116,115745
115121,115732
115134,115732
115135,115732
115136,115732
115137,115732
115138,115732
115138,115745
115142,115732
115142,120061
115143,115732
115144,115732
115145,115731
115145,115744
115145,115732
115147,115732
115148,115732
115154,115150
115154,115151
115154,115152
115154,115153
115155,115150
115155,115151
115155,115152
115155,115153
115174,115608
115185,115089
115185,115377
115185,120168
115186,115089
115186,115352
115186,120167
115187,115185
115227,115226
115227,114985
115227,115364
115227,120171
115228,115257
115228,115226
115228,114985
115229,115257
115229,115226
115229,114985
115231,115257
115231,115226
115232,115228
115233,115229
115233,115228
115234,114985
115234,115364
115234,120171
115234,115227
115236,115257
115236,115226
115237,115247
115238,115247
115239,115247
115242,115226
115246,115257
115246,115226
115248,115238
115251,115226
115252,115251
115252,115246
115253,115227
115253,115229
115253,115232
115256,115227
115258,114943
115260,116970
115260,114870
115261,115260
115261,114935
115261,115062
115263,115260
115265,114935
115265,114943
115271,115260
115271,115263
115271,115275
115272,118568
115273,115184
115275,115260
115275,115263
115275,114931
115275,114935
115276,115275
115276,118597
115276,115980
115278,115275
115279,115260
115279,115263
115280,115275
115281,115275
115281,114985
115281,115009
115281,115964
115281,115965
115283,115281
115284,115281
115286,115354
115287,115281
115288,115281
115288,115965
115290,115260
115290,115263
115291,115346
115293,115346
115294,115346
115295,115260
115295,115263
115295,115275
115304,115403
115304,118375
115305,115286
115307,115275
115321,118568
115323,115276
115323,115973
115323,115980
115325,115286
115331,118568
115332,115260
115334,115403
115340,115403
115341,115340
115341,115304
115341,118382
115342,115340
115342,115304
115342,118382
115343,115337
115344,115346
115344,119676
115344,115955
115344,115964
115344,115965
115345,115346
115345,119676
115345,115955
115345,115964
115345,115965
115346,115275
115346,115279
115348,115275
115348,115279
115351,115350
115352,115341
115352,120166
115353,115281
115354,115275
115354,115964
115354,115965
115354,115980
115355,115281
115358,115363
115358,115366
115358,115320
115359,115260
115359,115263
115361,115281
115364,115304
115364,115340
115365,115281
115368,116262
115368,115263
115369,116269
115369,115368
115369,119761
115370,114961
115370,114983
115372,119464
115373,115376
115374,115376
115375,115260
115375,114935
115375,115062
115376,115260
115376,114935
115376,116876
115376,115377
115376,120168
115376,115062
115377,115352
115377,120167
115378,115340
115378,115304
115378,118382
115379,115376
115379,120135
115379,120136
115379,115390
115380,120026
115380,115388
115380,115381
115381,120026
115381,115376
115382,115379
115382,120135
115382,120136
115383,115375
115386,115074
115386,120135
115386,120136
115386,115375
115386,115384
115388,115377
115388,120168
115388,118359
115389,115397
115389,115398
115390,115377
115390,120168
115390,115260
115390,114935
115391,114931
115391,116876
115392,115789
115392,115790
115392,118214
115392,115376
115392,115375
115393,115391
115393,118214
115393,115376
115393,115375
115395,115376
115397,115396
115398,115396
115398,115397
115399,115352
115399,120167
115399,115062
115400,114931
115400,115352
115400,120167
115400,115062
115401,115789
115401,115790
115401,115399
115401,118214
115401,115400
115402,115400
115402,118214
115405,115346
115411,115275
115411,115279
115412,115275
115412,115275
115442,115422
115444,116997
115444,115537
115447,115422
115449,116997
115449,115537
115450,115537
115450,115547
115451,115537
115451,115547
115453,116997
115453,115537
115459,116997
115459,115452
115463,115462
115464,115462
115465,115462
115466,115462
115467,115462
115468,115462
115469,115462
115470,115462
115479,115476
115492,115422
115493,115492
115494,115492
115495,115492
115496,115492
115497,115492
115498,115492
115499,115492
115506,115500
115509,115553
115509,115419
115509,116993
115509,115422
115509,115462
115509,115475
115509,115483
115509,115492
115509,115500
115509,116991
115509,115419
115509,116993
115509,115422
115509,115462
115509,115475
115509,115483
115509,115492
115509,115500
115521,116997
115521,115450
115523,116997
115523,115537
115524,115505
115524,119786
115525,116993
115525,117519
115527,115458
115528,116997
115528,115547
115535,115422
115535,115492
115538,116997
115538,115446
115538,115537
115545,116997
115547,116997
115547,115537
115548,115430
115549,116997
115549,115547
115550,115425
115563,115356
115563,123028
115563,115356
115563,115341
115563,120166
115563,115352
115563,120167
115563,115377
115563,120168
115563,123028
115563,115364
115563,120171
115565,115563
115565,115564
115567,119693
115567,119758
115567,119866
115568,115566
115569,115567
115569,115568
115570,115567
115570,115568
115571,115563
115573,115572
115574,115563
115575,115563
115576,115575
115577,119693
115577,119758
115577,119866
115577,115572
115577,115573
115578,119693
115578,119758
115578,119866
115578,115572
115578,115573
115579,119693
115579,119758
115579,119866
115579,115572
115579,115573
115579,115574
115579,115583
115580,119693
115580,119758
115580,119866
115581,115566
115581,115572
115582,119693
115582,119758
115582,119866
115582,115566
115582,115572
115582,115573
115582,115574
115583,115565
115583,115574
115583,116484
115583,116336
115583,115607
115585,115584
115587,119693
115587,119758
115587,119866
115589,119693
115589,119758
115589,119866
115589,115588
115591,115583
115592,115583
115593,115588
115597,115563
115597,119693
115597,119748
115597,119865
115597,115572
115597,115573
115598,115586
115601,115572
115602,115572
115602,115574
115603,115563
115604,115572
115604,115601
115605,115583
115606,115588
115607,115364
115607,120171
115609,115608
115610,115608
115611,115608
115611,115623
115612,115608
115613,115608
115616,115608
115617,115608
115618,115608
115619,115608
115620,115607
115620,115608
115621,115608
115621,115615
115621,115616
115621,115620
115621,119693
115621,119758
115621,119866
115621,115623
115623,115607
115623,115364
115623,120171
115624,115607
115624,115623
115624,117499
115624,117721
115624,116489
115624,120184
115626,115607
115627,115608
115628,115608
115628,115623
115629,115608
115630,115608
115631,115608
115633,115607
115634,115623
115635,115607
115636,115623
115637,115623
115638,115633
115638,115634
115645,115642
115646,119693
115646,119758
115646,119866
115648,115640
115648,115642
115648,119693
115648,119758
115648,119866
115649,115664
115649,115642
115650,119693
115650,119758
115650,119866
115650,115642
115650,115646
115650,115648
115650,115649
115652,115651
115652,119693
115652,119758
115652,119866
115653,115651
115653,119693
115653,119758
115653,119866
115655,119693
115655,119758
115655,119866
115659,119693
115659,119758
115659,119866
115660,115651
115660,115652
115670,115668
115671,115669
115673,115667
115673,115669
115674,115667
115674,115666
115674,115668
115674,115669
115675,115667
115675,115666
115675,115668
115675,115669
115677,119693
115677,119758
115677,119866
115678,115668
115678,115669
115678,119693
115678,119758
115678,119866
115679,115684
115683,115669
115684,115667
115684,115666
115696,115693
115703,115651
115703,115653
115707,115705
115707,115706
115714,115685
115714,115682
115714,115623
115716,119693
115716,119758
115716,119866
115725,115693
115726,119693
115726,119748
115726,119865
115729,115021
115729,115022
115733,116728
115734,118194
115734,119204
115751,114870
115759,114870
115760,114870
115761,115781
115761,115783
115763,114870
115763,114918
115766,118695
115778,118696
115783,115782
115783,115781
115784,115782
115784,115781
115787,115340
115787,115341
115787,120166
115788,115340
115788,115341
115788,120166
115789,120167
115789,115352
115789,115062
115790,115352
115790,115062
115791,115789
115791,115790
115791,120135
115792,115791
115793,115791
115794,115787
115794,115788
115794,115377
115794,120168
115794,115062
115795,115377
115796,115794
115797,115377
115797,120168
115798,115797
115799,115797
115799,115801
115800,115798
115801,115788
115801,115791
115801,118441
115801,120026
115802,115788
115802,118441
115802,120026
115803,115802
115804,115802
115805,115788
115805,115791
115805,118438
115806,115793
115806,115805
115806,120026
115807,115805
115808,115805
115809,115805
115810,115788
115810,118441
115810,114931
115810,120026
115812,120135
115812,116876
115813,115377
115813,120168
115814,115805
115814,120135
115815,115805
115816,115793
115816,115801
115817,115794
115822,115797
115822,115798
115823,115798
115824,115799
115828,115801
115830,118441
115830,120135
115831,115802
115831,115803
115832,115802
115833,115805
115834,115805
115834,115806
115835,115805
115835,115806
115839,115810
115840,115810
115841,115810
115842,115849
115842,115850
115843,115810
115844,115837
115848,115810
115849,115810
115850,115810
115851,115810
115852,115810
115853,115798
115854,115798
115856,115794
115856,115797
115856,115798
115856,115801
115856,115802
115856,115805
115856,115810
115856,115813
115857,115802
115857,115810
115859,115802
115860,115810
115861,115802
115862,115801
115862,115802
115863,115801
115865,115801
115867,114870
115867,114876
115869,116746
115869,116757
115872,116746
115872,116757
115873,116746
115873,116757
115874,116746
115874,116757
115875,116746
115875,116757
115876,116746
115876,116757
115877,116746
115877,116757
115878,116746
115878,116757
115879,116746
115879,116757
115880,116746
115880,116757
115881,116746
115881,116757
115883,119684
115883,119865
115886,115891
115893,116746
115893,116757
115894,116746
115894,116757
115897,116746
115897,116757
115899,116746
115899,116757
115901,116746
115901,116757
115902,116746
115902,116757
115903,116746
115903,116757
115904,116746
115904,116757
115909,115908
115910,116964
115910,118187
115912,115911
115914,116765
115914,115074
115914,120126
115914,120136
115915,115074
115915,120135
115916,115915
115916,116876
115917,115915
115917,115916
115917,115918
115917,115922
115917,115928
115917,120026
115918,115915
115918,115928
115919,115915
115919,115916
115919,115918
115919,115922
115919,115928
115919,120026
115920,114935
115921,115915
115921,115922
115921,115928
115921,120026
115922,120135
115923,120026
115923,115921
115923,115928
115923,115918
115925,115074
115925,114931
115927,115919
115928,120219
115928,120136
115928,115074
115928,115789
115928,115790
115929,115964
115929,115973
115929,115974
115929,115980
115929,115917
115931,115919
115932,115916
115932,120135
115933,115907
115934,115919
115937,115950
115937,115936
115937,115936
115941,115924
115942,115377
115942,118359
115942,120168
115944,115929
115946,115950
115946,115936
115951,118523
115955,114935
115958,115954
115959,114943
115959,114931
115960,114935
115964,114935
115965,115964
115966,115964
115967,115966
115968,115960
115968,119691
115968,115965
115968,115967
115969,115965
115972,119010
115972,119691
115972,115971
115973,115965
115974,115973
115974,115260
115975,115973
115975,115260
115976,115960
115976,116022
115976,115966
115978,115959
115978,115955
115979,115959
115979,115955
115980,115260
115980,115964
115980,115965
115981,115965
115982,119691
115982,115966
115982,115981
115983,116022
115983,119691
115983,115985
115983,115986
115985,115960
115985,115009
115985,115341
115985,120166
115986,115960
115986,114935
115986,115062
115986,115377
115986,120168
115987,115986
115987,115089
115988,119691
115988,120026
115988,115986
115988,115985
115989,114935
115990,115965
115991,115960
115991,115341
115991,120166
115992,115970
115993,115960
115996,115992
115996,115993
115996,119691
115998,115968
115999,115965
115999,115987
116000,115965
116000,115981
116001,115974
116001,115980
116002,115975
116002,115980
116003,115974
116003,115980
116004,115973
116004,115980
116005,115973
116006,115981
116007,115983
116008,115987
116009,115987
116011,115970
116017,116016
116019,115965
116023,115965
116024,119318
116024,119324
116027,116026
116033,115858
116034,116031
116035,115858
116036,116031
116037,115858
116041,116104
116041,116262
116042,116104
116042,116262
116043,116764
116043,116765
116044,116043
116045,116876
116045,116104
116045,118265
116045,120170
116046,116043
116047,116045
116047,117721
116048,116045
116048,116262
116048,116105
116048,115377
116048,118359
116048,120168
116049,116045
116050,116048
116051,116262
116051,116045
116052,116045
116053,116044
116054,116041
116054,116045
116055,116090
116055,116046
116056,116043
116056,116045
116056,116042
116056,116273
116057,116045
116057,116041
116058,116046
116058,120136
116058,120126
116058,116770
116062,116130
116063,116062
116063,116075
116066,116065
116067,116065
116068,116127
116068,116129
116069,116086
116070,116096
116071,116130
116072,116127
116072,116130
116073,116127
116073,116130
116074,116127
116074,116130
116075,116062
116076,116062
116078,116077
116080,116062
116080,116063
116080,116075
116081,116062
116081,116063
116081,116075
116088,116086
116089,116087
116090,116764
116090,116765
116090,120136
116095,116093
116095,117127
116097,116044
116098,116048
116099,116065
116099,116817
116100,116068
116100,116096
116102,116048
116103,116048
116104,116105
116106,116107
116109,116127
116109,116130
116110,116054
116110,116275
116112,116111
116114,116086
116115,118693
116117,116045
116117,116273
116118,116045
116118,116273
116121,116090
116121,116043
116122,116065
116123,116135
116124,116127
116125,116127
116126,116127
116131,116053
116131,116062
116132,116125
116132,116126
116133,116086
116134,116127
116134,116130
116135,116044
116135,116046
116135,116047
116135,116048
116135,117721
116135,120026
116135,116050
116135,116273
116135,117721
116135,118294
116136,116043
116136,116045
116136,116042
116136,116273
116137,116045
116137,116273
116138,116065
116152,116151
116158,116155
116195,116159
116214,116159
116220,116964
116220,118187
116232,116209
116261,115403
116262,116261
116262,116319
116262,115340
116262,115304
116262,118382
116267,115352
116267,120167
116267,120126
116267,116273
116268,116267
116269,116262
116269,115263
116270,116269
116270,115368
116270,119761
116271,116273
116271,116276
116271,116051
116272,116337
116272,118265
116272,120322
116272,120170
116272,116262
116273,115341
116273,118265
116273,116319
116273,116262
116274,116272
116274,116041
116275,116272
116275,116041
116276,118265
116276,116262
116276,116319
116277,116276
116277,116051
116278,116272
116278,116041
116278,116273
116278,116279
116279,118265
116279,120170
116279,116262
116280,116273
116281,116273
116282,116273
116283,116282
116284,116273
116284,116272
116285,116284
116285,116056
116286,116273
116287,116273
116287,116276
116287,119703
116288,116262
116291,116273
116293,116267
116294,116267
116295,116274
116295,116275
116296,116275
116297,116277
116298,116278
116299,116279
116300,116280
116301,116281
116302,116283
116303,116284
116304,116279
116304,116280
116305,116275
116305,116315
116306,116283
116310,116309
116311,116309
116312,116287
116313,116287
116314,116287
116315,116273
116315,116272
116315,116041
116315,116042
116316,116282
116317,116273
116320,115369
116320,116270
116320,119762
116322,116262
116322,116263
116323,116315
116324,116284
116326,116275
116327,116272
116327,116261
116327,116319
116328,116273
116330,116329
116331,116282
116332,116282
116334,116287
116337,115340
116337,115304
116337,118382
116338,115377
116338,120168
116338,116329
116338,118253
116338,116261
116338,116263
116338,116319
116338,120135
116338,120136
116339,120126
116339,116329
116339,118253
116339,116261
116339,116263
116340,118292
116340,118293
116341,115341
116341,120166
116347,116346
116356,116369
116357,116356
116358,116357
116363,116348
116363,116356
116365,116359
116370,116354
116371,116361
116376,117595
116386,120384
116387,116386
116390,120384
116391,116390
116392,115745
116394,114904
116394,115000
116394,116393
116394,114904
116394,114901
116394,116459
116394,116473
116394,116474
116394,116428
116394,116393
116394,116428
116395,116398
116396,116398
116397,116395
116397,116396
116397,116403
116397,116408
116398,116415
116398,116394
116399,116398
116400,116395
116400,116403
116400,116408
116402,116399
116402,116403
116403,116438
116408,116398
116409,116408
116409,116403
116410,116408
116410,116403
116411,116395
116411,116408
116411,116403
116412,116395
116412,116408
116412,116403
116413,116395
116413,116408
116413,116403
116414,116399
116414,116403
116415,114904
116415,115000
116415,116427
116415,116473
116415,116407
116415,114997
116415,114902
116415,116428
116415,116472
116415,116393
116415,114901
116415,116430
116415,116474
116415,116394
116416,116407
116416,116393
116416,116459
116416,116474
116416,116428
116416,116393
116418,116464
116418,116403
116418,116433
116420,116394
116420,116415
116426,115745
116428,116427
116430,116429
116431,116427
116431,116429
116432,116437
116433,116431
116434,116431
116435,116431
116436,116434
116437,116434
116438,116428
116438,116430
116438,114904
116438,116428
116438,116473
116438,116430
116438,116393
116439,116437
116439,116418
116440,116437
116440,116439
116440,116418
116441,116428
116441,116430
116442,116431
116443,116438
116445,116430
116445,116450
116446,116431
116447,116434
116448,116441
116449,116431
116450,116428
116450,116430
116451,116430
116451,116450
116454,119721
116455,116431
116456,116433
116457,115732
116457,115745
116459,116458
116460,116458
116461,114996
116462,116460
116463,116459
116463,116460
116464,116463
116465,116463
116466,116460
116467,116460
116468,116463
116468,116464
116469,116465
116469,116466
116469,116468
116470,116464
116470,116465
116471,116465
116474,116472
116474,116473
116475,116472
116475,116473
116476,116460
116477,116459
116477,116460
116478,116476
116480,118011
116480,114985
116480,115009
116481,116343
116483,120061
116487,116336
116487,115341
116487,120166
116487,115364
116487,120171
116488,116484
116489,116484
116489,116336
116490,116489
116491,116484
116491,116336
116491,115341
116491,120166
116491,115364
116491,120171
116492,116336
116493,116336
116493,116489
116493,115661
116496,116484
116496,116336
116497,116484
116497,116336
116498,116336
116499,116336
116500,116484
116501,116484
116501,116336
116502,116336
116503,116502
116504,116484
116504,116336
116505,116484
116505,116336
116506,116484
116506,116336
116506,116489
116506,115607
116506,115431
116506,115443
116506,115661
116506,119722
116507,116484
116507,116336
116507,116489
116507,115607
116507,115431
116507,115443
116507,115661
116507,119722
116508,116484
116508,116336
116509,116336
116510,116484
116510,116336
116511,116336
116514,116487
116514,116488
116514,119722
116514,120184
116516,116336
116517,116484
116517,116336
116519,116487
116519,116491
116520,116487
116520,116488
116521,116539
116522,116491
116523,116487
116523,116488
116527,116484
116527,116488
116527,116500
116538,116336
116539,116489
116539,116487
116541,116484
116541,116336
116542,116484
116542,116336
116544,120184
116545,116487
116545,116488
116545,119722
116545,120184
116546,116336
116549,117168
116551,116553
116552,116549
116553,116552
116558,116551
116565,116547
116570,116964
116570,118187
116572,116571
116573,116571
116573,116572
116574,116572
116574,116573
116577,116574
116577,116573
116586,117174
116589,117174
116589,116584
116589,116588
116589,116590
116595,117174
116595,116584
116595,116588
116595,116590
116595,117178
116595,116589
116596,117174
116596,116584
116596,116588
116596,116590
116598,117174
116598,116584
116598,116588
116598,116590
116598,117178
116598,116596
116599,116587
116605,117174
116605,116586
116607,116586
116608,117174
116608,116584
116608,116588
116608,116590
116608,117178
116608,116596
116636,116635
116638,118159
116638,116884
116638,118158
116650,116645
116653,116652
116655,116746
116659,116652
116659,118261
116665,116664
116689,116669
116689,117185
116694,116720
116694,116693
116694,116695
116696,116720
116696,116693
116696,116695
116698,116720
116698,116693
116698,116695
116700,116694
116700,116696
116709,116705
116709,116706
116709,116712
116715,116705
116715,116706
116715,116713
116715,116714
116718,116704
116718,116708
116718,116710
116718,116713
116719,116706
116721,116720
116721,116693
116729,116631
116730,116631
116738,117228
116739,116629
116739,116630
116739,116642
116739,116643
116742,116630
116744,116631
116750,116729
116750,116730
116750,116734
116750,117193
116760,116547
116763,116065
116763,116817
116765,115074
116766,116765
116767,116770
116768,116769
116768,116770
116769,116765
116769,120135
116769,120136
116770,116765
116770,120135
116771,116764
116771,116765
116772,116771
116773,116769
116773,116764
116774,116773
116774,116775
116775,118218
116776,116769
116776,116770
116777,116769
116777,116770
116778,116773
116779,116770
116779,116772
116780,116765
116780,115089
116780,120135
116780,120136
116781,116770
116782,116770
116783,116767
116783,116770
116784,116775
116785,116765
116785,115089
116785,120135
116785,120136
116786,116769
116786,116770
116787,116772
116788,116771
116790,116771
116799,116795
116803,116802
116804,116802
116808,116794
116813,116812
116814,116812
116814,116813
116815,116814
116817,116802
116818,116817
116821,116813
116823,116774
116824,116813
116825,116812
116825,116813
116826,116817
116830,116803
116831,117230
116832,117230
116834,116831
116834,116832
116835,116831
116835,116832
116835,117230
116835,117291
116836,116765
116837,116794
116839,116769
116839,116770
116840,116769
116840,116770
116840,118447
116841,116794
116846,116797
116847,116794
116848,116798
116850,116814
116852,116765
116852,120135
116852,120136
116853,116794
116854,116802
116855,115074
116859,116765
116859,120135
116859,120136
116862,116817
116862,116763
116864,118214
116864,118218
116865,118214
116865,118218
116865,118213
116866,116765
116866,118437
116866,116263
116866,116842
116866,116105
116866,119968
116866,115364
116866,120171
116867,118214
116867,118218
116867,118213
116867,116864
116868,118214
116868,118218
116868,118213
116868,116864
116869,116871
116876,115340
116876,116970
116876,114870
116882,119748
116885,119748
116886,114918
116887,114918
116897,115870
116898,115870
116900,116896
116901,115870
116901,119748
116901,116885
116901,116896
116945,116946
116947,116945
116952,116980
116957,116956
116960,116381
116961,116485
116963,116548
116964,115867
116964,116947
116967,114929
116971,115112
116974,119748
116975,116903
116977,114870
116978,114870
116979,114870
116986,116980
116990,119928
117000,115794
117000,115797
117007,116093
117007,117127
117012,117291
117013,117012
117015,115794
117021,115801
117024,115801
117026,115807
117033,117004
117044,117013
117044,117010
117051,115661
117051,115341
117051,120166
117051,115364
117051,120171
117052,117051
117053,117051
117054,117051
117060,117057
117061,115797
117061,115798
117062,115801
117062,115802
117063,115346
117063,114931
117063,114935
117069,115260
117069,115263
117070,115275
117070,115279
117074,115275
117074,115279
117077,116964
117077,118187
117078,115869
117079,116336
117079,116489
117079,115661
117080,120135
117080,115916
117080,115917
117082,116343
117082,119779
117083,116336
117084,116343
117084,115169
117084,115661
117086,118011
117086,114985
117086,115009
117087,116343
117087,115169
117087,119779
117088,116343
117090,116343
117091,116343
117091,117090
117092,117093
117092,115661
117093,116343
117095,116343
117096,118011
117096,114985
117096,115009
117097,116343
117097,117083
117097,117090
117098,116343
117099,116343
117100,114870
117100,114918
117102,119779
117103,116343
117105,116343
117105,117090
117106,116343
117107,116343
117108,117105
117109,117106
117113,114870
117114,119779
117116,117295
117120,117092
117120,117093
117128,116105
117129,116343
117131,116343
117131,115169
117135,117106
117139,116343
117139,119779
117145,116519
117145,116520
117145,116527
117145,116539
117146,118523
117166,116645
117184,115907
117193,116631
117195,117190
117196,117190
117197,117190
117199,117190
117200,117190
117202,117195
117210,115260
117210,115263
117211,117214
117211,120381
117211,117838
117211,117214
117211,120381
117212,117214
117212,120381
117212,117838
117212,117214
117212,120381
117213,123154
117213,115263
117213,114931
117213,114935
117215,117214
117215,117838
117215,116606
117215,115161
117216,114931
117216,114935
117216,117214
117217,119860
117217,117843
117217,117843
117217,119860
117217,117211
117217,117212
117217,115260
117217,114931
117217,114935
117218,117838
117218,117214
117219,117214
117219,117838
117220,117214
117220,117838
117220,117214
117221,115260
117221,115263
117221,114931
117221,114935
117221,117212
117222,117838
117222,116606
117222,117214
117225,117246
117237,115092
117240,116964
117240,118187
117246,115092
117247,115092
117247,117246
117248,115092
117248,117246
117249,117246
117249,117248
117250,117246
117251,117246
117251,117247
117251,117249
117251,117250
117251,117253
117251,117225
117253,117246
117257,117246
117257,117247
117267,114918
117268,116964
117268,118187
117277,115074
117277,114931
117278,116964
117278,118187
117293,117294
117293,114931
117294,114961
117294,114983
117296,115340
117296,114961
117296,114983
117296,117323
117297,114961
117297,114983
117298,117293
117298,118039
117298,117296
117299,117293
117299,118039
117299,117296
117300,114961
117300,114983
117300,115118
117301,114961
117301,114983
117302,114931
117302,114935
117303,114961
117303,114983
117304,115377
117304,120168
117304,117296
117304,117302
117305,114985
117305,115062
117305,115340
117305,115341
117305,120166
117306,114985
117306,115009
117306,114961
117306,114983
117312,117298
117315,117246
117322,117296
117322,117331
117324,117303
117326,117294
117326,117293
117326,118039
117326,117296
117327,117294
117327,117293
117327,118039
117327,117296
117329,117301
117330,117304
117331,114961
117331,114983
117331,117323
117333,114961
117333,114983
117352,118325
117352,117494
117354,116375
117360,119723
117360,119724
117361,115258
117361,117350
117365,116375
117369,116378
117372,117370
117373,117370
117385,117384
117387,117510
117390,117389
117392,117389
117392,117390
117393,117389
117393,117390
117401,116484
117401,116336
117406,117735
117407,116105
117412,117468
117412,119797
117429,118050
117462,119116
117465,116144
117465,116149
117472,119473
117476,117467
117481,115258
117481,117350
117482,119482
117486,115661
117488,117487
117489,116879
117489,116345
117489,115285
117490,116879
117490,116345
117490,115285
117490,120148
117491,116879
117491,116345
117491,115285
117492,117490
117492,117493
117492,119922
117493,116879
117493,116345
117493,115285
117495,117491
117499,115285
117500,117490
117501,117494
117502,117494
117509,117499
117514,117517
117514,117518
117517,117505
117517,117522
117517,117510
117517,117387
117518,117505
117518,117522
117518,117510
117518,117387
117518,117517
117521,117499
117523,117486
117524,117505
117524,117522
117524,117510
117524,117387
117524,117517
117528,117494
117529,117494
117530,117494
117531,116879
117531,116935
117534,117517
117535,117531
117541,117539
117544,119021
117544,116922
117544,118137
117546,119464
117550,117351
117550,117494
117555,117553
117556,117553
117574,117553
117581,119019
117583,116964
117583,118187
117596,117595
117597,117596
117602,117970
117602,117972
117608,117970
117608,117972
117642,117639
117647,117642
117648,117639
117648,117642
117649,117660
117650,117405
117650,117639
117650,117641
117651,117405
117651,117639
117651,117641
117652,117405
117652,117639
117652,117641
117653,117641
117653,117666
117654,117405
117654,117641
117655,117405
117655,117639
117655,117640
117655,117641
117656,117639
117657,117405
117657,117639
117657,117641
117658,117639
117659,117405
117659,117639
117659,117641
117660,117639
117661,117660
117662,117639
117663,117639
117664,117639
117665,117639
117665,117664
117666,117405
117667,117639
117671,117405
117671,117639
117671,117641
117672,117405
117672,117639
117672,117641
117673,117405
117673,117639
117673,117641
117677,117405
117677,117706
117677,117705
117678,117405
117678,117706
117678,117705
117679,117639
117679,117641
117680,117405
117681,117405
117681,117706
117681,117705
117682,117405
117682,117641
117683,117405
117684,117405
117684,117639
117684,117641
117685,117405
117685,117641
117686,117405
117686,117641
117687,117405
117687,117639
117687,117641
117688,117405
117688,117639
117688,117641
117689,117405
117689,117641
117690,117405
117692,117405
117692,117639
117692,117641
117692,117656
117693,117405
117693,117639
117693,117641
117694,117405
117694,117639
117694,117641
117696,117405
117696,117639
117696,117641
117697,117405
117697,117639
117697,117641
117697,117688
117698,117405
117698,117639
117698,117641
117699,117405
117699,117706
117699,117705
117702,117405
117703,117405
117703,117706
117703,117705
117704,117405
117705,117405
117706,117405
117708,117405
117712,120135
117714,118436
117716,115352
117716,120167
117719,117720
117719,116105
117720,115377
117721,115377
117721,120168
117721,115364
117721,120171
117722,117721
117723,117721
117724,117715
117724,117720
117726,117724
117728,116105
117728,117721
117729,117721
117731,117716
117731,117720
117731,120026
117732,117724
117732,117731
117734,117721
117740,117751
117741,117721
117742,117721
117743,117729
117743,117721
117744,117724
117747,117728
117752,117724
117753,117735
117765,117721
117773,117766
117774,117763
117775,116105
117775,117723
117776,117766
117777,119914
117777,117721
117777,117751
117778,117751
117778,117724
117779,117743
117779,117752
117780,117751
117782,117781
117784,117781
117792,116970
117793,117805
117794,117805
117795,117805
117796,117805
117797,117792
117797,119287
117801,117805
117801,117803
117801,117796
117801,117813
117801,117814
117802,117805
117803,117805
117805,114870
117805,114918
117806,117805
117806,117794
117808,117805
117809,117805
117813,117805
117814,117805
117814,117793
117815,117746
117816,117805
117824,116038
117825,117835
117826,117835
117827,117835
117828,117835
117832,117835
117833,117835
117834,117835
117835,116038
117836,117835
117843,117838
117843,117886
117843,116606
117843,117214
117843,115289
117843,115661
117843,119860
117847,117838
117847,117886
117847,116606
117847,117214
117848,117838
117848,117886
117848,116606
117848,117214
117856,120272
117856,119860
117856,117843
117857,119860
117861,115661
117861,117843
117862,115661
117862,117843
117863,117409
117870,117409
117870,117861
117870,117862
117870,117863
117881,117860
117889,117888
117890,117888
117899,116606
117906,117409
117908,117838
117908,116606
117908,117214
117910,117843
117920,118460
117920,117855
117921,118460
117921,117855
117922,118460
117922,117855
117924,118460
117924,117855
117926,119860
117937,117389
117938,117389
117938,117390
117939,117389
117939,117390
117943,116746
117943,116757
117948,116346
117952,117951
117954,117953
117962,117961
117962,117963
117971,117970
117971,117972
117973,117970
117973,117972
117976,117975
117978,117977
117979,117977
117979,117978
117981,117980
117983,117982
117995,117996
117998,116964
117998,118187
117999,116964
117999,118187
118000,116964
118000,118187
118001,116964
118001,118187
118002,115275
118002,115354
118002,119676
118003,115346
118003,116964
118003,118187
118004,119676
118004,115275
118004,115281
118005,115359
118005,115290
118005,115275
118005,115279
118005,119676
118006,115346
118006,116964
118006,118187
118007,116964
118007,118187
118008,119691
118008,115973
118008,115976
118009,116964
118009,118187
118010,116964
118010,118187
118011,116964
118011,118187
118012,116964
118012,118187
118013,116964
118013,118187
118014,116964
118014,118187
118015,115158
118015,114943
118015,116964
118015,118187
118018,116964
118018,118187
118019,116964
118019,118187
118020,116964
118020,118187
118022,116964
118022,118187
118023,118016
118023,118029
118023,117736
118023,118021
118024,118016
118025,118016
118025,118024
118026,118016
118026,118016
118026,118028
118026,118030
118027,118016
118027,118016
118027,118028
118028,118016
118028,115258
118028,114943
118029,118016
118030,118016
118030,115184
118031,118016
118032,118016
118033,118016
118034,118016
118034,118028
118034,118016
118034,118028
118035,118016
118036,118016
118037,118016
118037,115258
118038,118016
118039,114961
118039,114983
118040,118016
118040,118048
118040,118104
118040,118052
118040,118053
118041,118016
118041,118029
118041,118048
118041,118052
118041,118053
118042,118016
118042,118024
118043,118016
118044,118016
118045,118016
118047,118016
118048,118016
118048,118036
118048,118104
118049,118016
118049,118029
118050,118016
118051,116746
118052,118016
118052,118048
118052,118047
118053,118016
118053,118030
118053,118037
118053,118052
118054,118016
118055,118016
118056,118016
118057,118016
118058,118016
118059,118016
118059,118028
118060,118016
118060,115184
118061,118016
118061,118060
118063,118016
118063,118060
118064,115184
118064,115258
118064,118060
118064,118100
118065,118064
118066,118099
118066,118102
118066,118102
118066,118065
118067,118016
118069,116964
118069,118187
118070,118028
118071,118028
118072,118030
118074,118033
118075,118035
118076,118036
118077,118037
118078,118097
118078,118038
118079,115184
118079,115258
118079,118028
118079,118030
118079,118060
118080,118079
118081,118028
118081,118030
118081,118060
118092,118091
118093,118091
118093,118092
118094,118091
118094,118092
118094,118093
118095,117429
118096,117429
118097,116375
118098,116964
118098,118187
118099,118016
118099,118060
118099,118100
118100,118016
118100,118060
118101,118063
118101,118066
118102,118016
118102,118099
118104,118016
118104,118047
118107,116964
118107,118187
118108,116964
118108,118187
118109,116964
118109,118187
118110,116964
118110,118187
118112,115980
118112,118597
118112,116964
118112,118187
118113,116964
118113,118187
118114,118016
118115,118016
118117,118030
118118,118016
118119,114943
118119,115258
118119,118016
118119,118028
118121,116964
118121,118187
118123,116964
118123,118187
118125,116375
118128,118059
118131,118040
118131,118048
118131,118053
118137,116964
118137,118187
118138,116964
118138,118187
118140,118139
118141,118139
118142,118139
118142,118140
118143,118139
118144,118139
118144,118140
118145,118139
118145,118140
118146,118139
118147,118139
118148,118139
118148,118163
118149,118139
118152,118139
118152,118140
118152,118142
118153,118139
118153,118141
118154,118139
118154,118143
118155,118139
118155,118140
118155,118141
118155,118142
118159,118139
118159,116884
118160,116964
118160,118187
118161,116964
118161,118187
118162,116964
118162,118187
118163,118139
118163,116329
118164,114813
118164,114785
118164,114787
118164,120026
118164,116964
118164,118187
118167,114813
118167,114785
118167,114787
118167,120026
118167,116964
118167,118187
118168,116964
118168,118187
118170,116964
118170,118187
118171,118139
118171,116884
118173,116964
118173,118187
118174,118139
118174,118158
118175,118174
118176,118139
118177,118139
118178,118139
118179,118178
118180,118178
118181,118139
118181,118158
118181,116884
118184,115377
118184,118359
118184,120168
118184,115379
118184,115375
118184,116964
118184,118187
118187,115867
118187,116947
118190,116964
118190,118187
118194,116964
118194,118187
118195,116964
118195,118187
118197,117446
118198,117446
118198,118196
118199,117446
118199,118196
118202,117446
118203,117446
118203,118196
118204,117446
118204,118196
118205,117446
118205,118196
118206,117446
118206,118196
118207,117446
118207,118196
118208,118197
118208,118204
118208,118203
118211,118214
118211,118218
118211,118213
118211,116864
118212,118214
118212,118218
118212,118213
118212,116864
118213,118214
118213,118218
118214,114931
118214,115062
118214,115352
118214,120167
118215,115074
118215,120135
118215,114935
118215,118214
118216,118215
118217,118215
118217,118216
118217,118242
118217,118218
118217,118219
118217,118220
118217,120026
118217,115922
118218,115074
118218,114931
118218,116765
118218,120135
118219,118215
118220,118215
118220,115922
118220,116876
118221,118214
118223,118215
118223,118242
118224,118214
118225,118214
118226,118215
118226,120026
118226,115922
118226,115790
118227,116964
118227,118187
118228,118215
118229,118215
118230,118215
118231,118220
118232,120135
118232,118214
118232,115074
118234,118215
118234,118242
118235,118214
118235,118215
118235,118218
118235,118213
118236,118217
118241,116964
118241,118187
118242,118215
118245,118214
118246,118214
118246,118218
118246,118213
118247,114931
118247,116765
118247,120135
118247,115074
118247,118214
118247,118218
118249,118239
118249,118240
118250,118214
118252,118237
118252,118239
118252,118239
118253,115341
118253,120166
118255,116964
118255,118187
118258,116044
118258,116046
118258,116047
118258,116048
118258,120026
118258,116050
118258,116273
118258,117721
118258,118294
118258,120026
118259,116964
118259,118187
118260,116964
118260,118187
118261,116964
118261,118187
118262,116964
118262,118187
118263,120026
118263,116772
118263,116773
118263,116775
118264,116964
118264,118187
118265,115340
118265,115304
118265,118382
118266,116964
118266,118187
118267,116964
118267,118187
118269,118272
118270,118265
118270,120170
118270,118279
118271,115338
118272,115338
118272,118271
118273,118272
118274,118272
118275,115352
118275,120167
118275,118265
118275,120170
118276,115377
118276,120168
118277,115377
118277,120168
118277,120126
118278,115377
118278,120168
118278,120126
118279,115352
118279,120167
118280,115352
118280,120167
118280,118265
118280,120170
118281,118265
118281,120170
118281,120126
118282,118275
118282,120126
118283,118282
118284,116964
118284,118187
118285,118275
118285,120126
118286,115377
118286,120168
118286,118275
118287,118286
118288,120026
118288,116964
118288,118187
118289,120135
118289,120136
118289,118276
118289,118277
118290,115377
118290,120168
118291,115352
118291,120167
118291,118265
118291,120170
118292,115377
118292,120168
118292,116329
118292,118253
118292,116261
118292,116263
118292,116319
118292,120135
118292,120136
118293,120126
118293,116329
118293,118253
118293,116261
118293,116263
118294,115352
118294,120167
118295,118294
118296,118294
118297,115377
118297,120168
118297,118294
118298,118297
118299,115377
118299,120126
118300,120126
118301,118265
118301,120170
118301,120126
118307,118276
118307,118279
118308,118283
118309,118308
118310,118280
118310,118282
118311,118285
118312,118287
118313,118312
118314,118289
118315,118290
118316,118292
118316,118293
118317,118356
118318,118301
118318,118291
118322,120026
118323,116964
118323,118187
118324,120126
118324,120135
118324,120136
118325,116964
118325,118187
118326,120126
118326,118294
118326,118298
118326,118297
118326,118381
118327,118326
118328,118326
118329,118326
118330,120126
118330,118324
118331,118324
118332,118318
118333,118292
118333,118293
118335,118294
118342,118297
118342,118381
118342,118326
118343,118297
118343,118298
118343,118326
118343,118329
118344,118277
118345,118344
118347,118326
118352,116964
118352,118187
118354,118292
118354,118293
118355,120126
118355,118297
118356,118286
118357,118297
118357,118326
118358,118298
118360,118294
118360,117721
118361,120126
118361,120135
118361,120136
118369,118298
118369,118383
118370,115377
118370,118359
118370,120168
118370,120126
118370,118297
118370,118381
118370,116317
118372,116964
118372,118187
118373,116964
118373,118187
118376,115418
118378,118265
118378,120170
118378,120126
118380,120126
118380,118294
118380,118381
118381,118294
118382,115304
118383,115377
118383,120126
118383,118297
118389,116964
118389,118187
118390,116964
118390,118187
118397,117805
118400,116964
118400,118187
118401,116964
118401,118187
118402,117447
118402,117448
118410,119450
118410,119451
118410,119453
118410,119452
118410,114764
118411,118410
118415,118409
118416,119873
118420,114764
118420,119450
118421,118406
118422,115731
118426,116964
118426,118187
118427,116964
118427,118187
118433,116765
118433,115074
118433,120126
118433,120136
118435,118214
118438,115789
118438,115790
118438,115377
118438,120168
118439,116765
118439,118437
118439,116263
118439,116842
118439,116105
118439,119968
118439,115364
118439,120171
118440,118436
118441,115789
118441,115790
118441,115377
118441,120168
118442,115089
118442,115377
118442,120168
118443,120135
118443,120136
118443,118442
118444,115791
118444,120026
118445,120135
118445,118438
118446,118440
118446,118449
118446,114783
118447,118445
118448,118445
118449,118436
118449,118438
118449,115791
118449,118214
118450,118445
118450,118449
118451,118436
118451,115791
118451,118445
118451,120126
118452,118436
118452,115791
118452,118445
118452,120126
118454,118443
118454,118441
118454,114811
118456,118447
118457,118439
118457,118449
118458,118439
118459,118439
118459,118445
118460,116964
118460,118187
118462,118443
118469,116964
118469,118187
118472,118471
118477,118476
118480,116964
118480,118187
118482,118443
118482,118445
118482,118449
118484,118214
118484,118218
118484,118213
118484,116864
118485,115791
118487,118438
118487,115401
118488,116765
118488,118433
118488,118443
118488,115928
118489,118443
118489,115914
118489,118433
118489,115928
118491,118214
118491,118218
118491,118213
118491,116864
118492,118451
118492,118470
118496,116765
118496,118445
118497,115377
118497,120168
118497,115789
118497,115790
118498,116765
118503,115867
118504,116964
118504,118187
118505,118471
118506,120012
118506,118436
118506,114931
118506,115959
118506,115364
118506,120171
118506,115341
118506,120166
118507,116964
118507,118187
118508,118436
118508,120012
118508,115788
118509,120006
118509,118508
118510,116964
118510,118187
118511,118215
118511,118216
118511,118242
118511,118218
118511,118219
118511,118220
118511,120026
118511,115922
118512,115377
118512,120168
118512,116329
118512,118253
118512,116261
118512,116263
118512,116319
118512,120135
118512,120136
118513,118443
118513,118449
118513,120026
118515,115341
118515,120166
118516,118515
118517,115341
118517,120166
118517,115009
118518,118517
118518,114931
118519,116964
118519,118187
118520,116964
118520,118187
118521,116964
118521,118187
118522,118516
118522,118518
118523,118522
118524,118518
118524,118555
118525,118522
118526,118523
118527,118523
118528,118555
118529,118518
118529,118555
118529,115661
118529,115127
118529,118108
118530,118516
118531,118523
118532,118517
118532,115009
118532,114931
118532,115661
118532,115127
118532,118108
118535,119878
118535,118523
118536,118535
118537,118535
118538,119878
118541,118523
118542,116964
118542,118187
118543,118523
118545,118525
118546,118515
118547,118526
118547,118546
118554,119878
118554,118523
118554,118522
118554,118534
118555,118517
118556,118518
118557,118518
118558,118516
118558,118555
118558,119878
118558,118529
118559,118558
118559,119878
118560,119101
118560,119102
118560,119106
118560,119110
118560,119111
118561,118522
118562,118522
118563,118546
118564,116964
118564,118187
118565,118543
118567,116964
118567,118187
118568,115260
118568,115263
118568,115955
118568,115964
118569,118568
118570,118568
118571,116964
118571,118187
118572,118568
118573,118568
118573,115272
118573,115964
118573,115955
118574,118568
118574,115272
118574,115330
118574,115955
118574,115964
118575,118573
118576,118573
118576,118574
118576,115330
118577,118568
118580,118581
118585,118568
118586,118568
118587,118568
118597,118568
118611,118608
118612,118608
118613,118608
118614,118608
118615,118608
118615,118614
118615,118619
118623,118616
118623,118617
118624,118608
118627,118608
118627,118611
118628,118611
118628,118612
118629,118613
118630,118614
118631,118608
118632,118619
118633,118616
118634,118617
118636,118608
118643,118617
118643,118616
118644,118642
118645,118608
118650,118652
118651,118652
118652,118304
118653,116645
118654,116634
118655,118652
118656,116964
118656,118187
118660,117458
118664,118663
118680,118679
118683,118684
118688,116964
118688,118187
118689,116964
118689,118187
118690,116964
118690,118187
118691,118699
118693,118691
118694,118692
118695,118693
118696,118694
118697,116964
118697,118187
118698,116964
118698,118187
118700,116964
118700,118187
118701,116964
118701,118187
118702,116964
118702,118187
118704,116964
118704,118187
118705,118699
118706,118705
118707,118699
118707,115818
118709,118708
118725,116964
118725,118187
118726,118703
118726,115766
118726,115778
118727,115766
118727,115778
118728,115766
118728,115778
118729,118726
118730,116115
118730,118695
118731,118730
118732,118731
118733,118164
118733,118288
118734,118167
118734,118288
118743,118869
118744,118743
118745,118875
118747,118888
118749,118894
118751,118900
118755,118882
118768,118767
118771,118835
118772,118836
118773,118837
118774,118838
118775,118839
118776,118840
118777,118841
118778,118842
118779,118830
118781,118843
118782,118852
118783,118691
118783,118692
118783,118723
118784,118853
118785,118845
118786,118846
118787,118847
118788,118848
118789,118849
118790,118827
118791,118828
118794,118854
118795,115766
118795,115778
118796,118795
118799,118796
118800,118691
118800,118692
118801,118800
118802,118801
118807,115818
118807,118707
118809,118808
118811,116964
118811,118187
118812,117459
118813,117459
118814,117459
118816,117459
118823,118691
118823,118692
118823,118705
118824,118693
118824,118694
118824,118823
118824,118723
118825,118693
118825,118694
118825,118823
118825,118824
118829,118699
118829,118706
118834,118767
118844,118691
118844,118692
118844,118723
118844,118757
118859,118858
118860,118859
118861,118860
118862,118861
118863,118862
118864,118863
118865,118864
118868,118867
118869,118868
118870,118744
118871,118870
118873,118872
118874,118873
118875,118874
118876,118875
118877,118876
118878,118877
118879,118878
118880,118721
118881,118880
118882,118881
118883,118755
118883,118829
118884,118883
118885,118884
118886,118714
118887,118886
118888,118887
118889,118747
118889,118829
118890,118889
118891,118890
118892,118716
118893,118892
118894,118893
118895,118749
118895,118829
118896,118901
118897,118896
118898,118718
118899,118898
118900,118899
118901,118829
118901,118751
118902,118901
118903,118902
118905,118904
118906,118905
118907,118906
118908,118906
118909,118829
118909,118908
118910,118909
118911,118910
118913,118691
118913,118692
118913,118912
118914,118693
118914,118694
118914,118913
118915,118695
118915,118696
118915,118914
118916,115766
118916,115778
118916,118915
118917,118829
118917,118916
118918,118726
118918,118727
118918,118728
118918,118917
118919,118918
118921,118920
118922,118921
118923,118922
118924,118923
118925,118924
118925,118829
118925,118708
118926,118925
118927,118926
118933,118869
118933,118875
118933,118894
118933,118900
118933,118907
118933,118882
119005,119004
119006,119005
119007,119006
119009,119010
119009,119691
119009,115971
119012,119011
119013,117553
119014,116964
119014,118187
119016,116964
119016,118187
119018,115258
119018,117350
119020,119019
119021,114931
119021,114943
119022,116964
119022,118187
119023,119019
119024,115959
119024,115955
119025,115959
119025,115955
119028,119021
119029,115661
119029,115285
119030,119028
119030,115258
119030,115978
119030,119811
119030,119922
119031,115979
119031,115661
119031,115607
119031,117499
119032,119028
119032,115978
119032,119811
119032,119922
119032,115258
119032,115607
119032,115661
119032,117499
119033,119030
119034,119033
119034,119032
119035,119024
119035,117554
119035,119021
119035,116922
119036,119035
119037,119028
119038,116964
119038,118187
119040,119021
119040,119024
119040,114943
119040,115959
119040,114931
119041,119024
119041,119025
119041,115959
119041,115955
119043,119025
119043,119024
119043,119811
119043,119922
119043,115661
119043,115285
119044,119021
119044,116922
119046,116964
119046,118187
119047,119025
119047,115959
119047,115955
119048,116964
119048,118187
119049,119021
119050,119028
119052,114870
119054,119025
119055,116964
119055,118187
119056,119030
119056,119032
119056,115978
119056,115258
119058,119033
119058,119034
119059,119036
119063,114870
119064,119363
119065,119363
119065,119364
119065,119371
119066,119363
119066,119364
119066,119371
119066,115356
119066,115364
119066,120171
119066,115661
119067,119363
119067,119364
119067,119371
119067,115356
119067,115364
119067,120171
119067,115661
119068,119367
119069,119363
119069,119364
119069,119371
119069,119366
119069,119367
119070,116964
119070,118187
119072,116964
119072,118187
119073,119021
119074,119042
119074,119363
119074,119364
119077,119363
119078,116964
119078,118187
119079,115959
119079,115955
119083,116964
119083,118187
119084,116964
119084,118187
119085,117460
119088,116964
119088,118187
119089,116964
119089,118187
119090,115184
119090,115258
119090,114943
119090,115265
119090,114870
119090,114830
119090,115661
119091,119090
119091,119092
119091,119093
119091,119095
119092,115184
119092,115258
119092,114943
119092,115265
119092,114870
119092,114830
119092,115661
119093,115184
119093,115258
119093,114943
119093,115265
119093,114870
119093,114830
119093,115661
119094,119090
119094,119092
119094,119093
119094,119095
119095,115184
119095,115258
119095,114943
119095,115265
119095,114870
119095,114830
119095,115661
119096,119090
119096,119092
119096,119093
119096,119095
119099,119922
119099,119100
119099,119158
119099,119105
119099,119134
119099,119135
119100,119091
119100,119094
119100,119096
119100,119103
119101,119099
119101,119104
119101,119109
119102,119099
119102,119104
119102,119109
119102,119098
119102,119108
119103,119090
119103,119092
119103,119093
119103,119095
119104,119105
119104,119134
119104,119135
119105,119091
119105,119094
119105,119096
119105,119103
119106,119099
119106,119104
119106,119109
119107,116964
119107,118187
119109,119100
119109,119158
119109,119105
119109,119134
119109,119135
119110,119099
119110,119104
119110,119109
119111,119099
119111,119104
119111,119109
119118,119116
119118,119117
119120,119119
119121,119116
119121,119117
119121,119120
119124,119116
119124,119117
119125,119124
119125,119136
119125,119137
119127,119136
119127,119137
119127,119124
119128,119136
119128,119137
119128,119124
119128,119125
119129,119136
119129,119137
119129,119124
119129,119125
119129,119160
119129,119127
119129,119128
119131,117462
119134,119091
119134,119094
119134,119096
119134,119103
119135,119091
119135,119094
119135,119096
119135,119103
119138,119098
119138,119108
119139,119101
119139,119102
119139,119106
119139,119110
119139,119111
119140,119090
119140,119092
119140,119093
119140,119095
119143,119141
119143,119142
119143,119144
119145,119143
119145,119146
119145,119148
119146,119141
119146,119142
119146,119144
119147,119149
119147,119150
119147,119154
119148,119141
119148,119142
119148,119144
119149,119145
119149,119151
119149,119153
119150,119145
119150,119151
119150,119153
119151,119143
119151,119146
119151,119148
119152,119149
119152,119150
119152,119154
119153,119143
119153,119146
119153,119148
119154,119145
119154,119151
119154,119153
119155,119149
119155,119150
119155,119154
119158,119091
119158,119094
119158,119096
119158,119103
119160,119124
119160,119136
119160,119125
119160,119137
119161,119124
119161,119136
119161,119125
119161,119160
119161,119137
119162,119101
119162,119102
119162,119106
119162,119110
119162,119111
119163,119099
119163,119104
119163,119109
119166,118184
119166,115388
119166,116964
119166,118187
119168,120176
119168,119087
119168,120263
119168,120264
119170,119171
119170,120161
119170,120315
119170,120256
119170,120257
119170,120258
119171,120252
119171,120253
119171,120251
119171,120254
119171,120255
119175,119185
119175,119182
119176,119185
119176,119182
119181,119182
119182,119185
119193,119188
119199,117463
119202,115184
119202,115264
119202,115258
119203,117463
119203,119199
119204,116964
119204,118187
119207,119206
119208,119206
119209,119206
119209,119207
119210,119206
119210,119207
119213,119211
119213,119212
119214,114761
119214,117464
119215,116964
119215,118187
119219,117464
119220,117464
119221,117464
119221,116336
119222,119221
119223,114761
119223,117464
119227,117464
119227,119216
119227,119217
119227,119218
119227,119221
119230,117464
119230,119221
119239,116964
119239,118187
119240,116964
119240,118187
119241,118258
119242,116964
119242,118187
119243,116964
119243,118187
119244,116964
119244,118187
119246,118263
119246,116964
119246,118187
119247,116964
119247,118187
119252,116964
119252,118187
119265,115420
119268,116964
119268,118187
119271,116964
119271,118187
119272,116144
119272,116149
119275,116964
119275,118187
119276,116964
119276,118187
119278,115420
119278,119265
119281,116964
119281,118187
119282,116964
119282,118187
119286,115732
119288,119287
119289,119287
119290,119287
119291,119287
119291,119288
119292,119287
119293,119287
119294,119287
119294,119288
119294,119289
119294,119292
119295,119287
119296,119295
119297,119287
119298,119289
119298,119290
119298,119292
119299,119294
119299,119295
119300,119288
119305,119010
119305,119691
119305,115971
119307,118288
119307,116964
119307,118187
119308,118322
119309,116964
119309,118187
119310,116964
119310,118187
119311,116964
119311,118187
119312,116964
119312,118187
119313,116964
119313,118187
119314,116964
119314,118187
119315,115089
119315,120135
119316,119315
119317,119356
119317,120135
119318,119317
119319,115074
119320,119322
119320,119319
119321,119319
119321,119324
119322,114931
119322,115377
119322,115089
119323,119353
119323,115089
119324,115089
119324,115377
119324,120168
119325,114931
119325,115089
119325,115377
119325,120168
119326,119322
119326,120135
119326,119356
119327,116964
119327,118187
119328,119322
119328,119324
119329,119322
119332,119315
119332,119356
119332,120135
119333,119324
119334,119335
119335,120135
119335,119356
119336,119353
119336,119315
119336,119326
119339,119324
119339,120135
119340,119325
119340,119326
119341,119326
119341,119335
119342,119318
119342,119324
119343,119341
119344,119334
119344,119341
119346,120245
119349,119321
119349,119333
119349,119339
119349,119342
119353,115062
119354,115340
119356,115377
119356,120168
119356,115089
119357,116964
119357,118187
119358,115089
119358,119315
119360,115062
119360,114985
119361,115089
119361,115377
119361,120168
119362,116964
119362,118187
119363,114870
119364,119363
119365,119363
119365,119364
119365,119371
119366,119363
119366,119364
119366,119371
119366,115356
119366,115364
119366,120171
119366,115661
119367,119363
119367,119364
119367,119371
119367,115356
119367,115364
119367,120171
119367,115661
119368,119367
119369,119363
119369,119364
119369,119371
119369,119366
119369,119367
119370,119363
119371,119042
119371,119363
119371,119364
119373,119363
119376,116343
119378,116964
119378,118187
119379,116964
119379,118187
119380,116964
119380,118187
119381,116964
119381,118187
119383,116964
119383,118187
119385,116964
119385,118187
119387,116964
119387,118187
119396,116964
119396,118187
119411,116964
119411,118187
119413,119412
119420,119926
119422,119926
119422,119425
119429,118511
119430,114761
119430,116375
119431,119926
119431,119425
119434,116964
119434,118187
119435,118513
119437,116151
119451,117805
119452,117805
119453,119450
119454,119450
119455,119450
119455,119451
119455,119452
119455,119453
119455,118396
119459,116375
119460,114761
119460,116375
119462,116964
119462,118187
119463,116375
119463,115661
119464,115183
119464,115184
119466,116964
119466,118187
119467,116375
119468,119467
119468,119471
119468,119472
119469,116375
119470,116375
119471,116375
119472,116375
119473,115661
119474,115661
119474,119927
119475,119464
119476,119464
119477,116375
119478,116375
119479,116375
119480,116375
119481,116375
119482,116375
119483,116375
119484,116375
119485,116375
119486,116375
119487,116375
119488,116375
119489,116375
119490,116375
119494,119927
119495,116964
119495,118187
119497,119927
119497,119546
119497,119474
119499,119478
119500,116964
119500,118187
119501,119467
119502,119470
119509,119508
119512,119476
119513,119475
119518,116964
119518,118187
119519,119483
119520,119485
119521,119478
119522,116964
119522,118187
119525,119477
119525,119485
119527,116964
119527,118187
119528,119463
119528,115661
119528,119914
119535,119533
119536,119927
119536,119477
119536,119483
119536,119485
119536,119546
119536,119474
119537,119927
119537,119546
119537,119474
119537,119470
119537,119479
119538,119927
119538,119546
119538,119474
119538,119478
119538,119482
119539,116964
119539,118187
119540,119927
119540,119546
119540,119474
119540,119476
119541,117472
119542,117472
119544,117483
119546,115661
119546,119463
119546,119927
119548,116964
119548,118187
119549,116964
119549,118187
119553,116964
119553,118187
119556,116964
119556,118187
119563,119550
119563,119934
119563,119555
119564,119550
119564,119552
119564,119555
119565,119559
119565,119563
119565,119591
119570,119557
119573,119575
119575,119572
119577,119572
119580,119578
119580,119579
119581,119572
119581,119575
119582,119572
119582,119575
119582,119573
119583,119575
119584,119575
119591,119550
119591,119934
119591,119555
119592,119557
119592,119591
119592,119606
119592,119600
119592,119570
119592,119571
119592,119593
119593,119557
119601,119550
119602,119552
119611,116234
119611,116691
119613,116964
119613,118187
119615,116964
119615,118187
119616,116964
119616,118187
119618,116959
119618,116965
119618,116381
119618,116960
119618,116964
119618,118187
119619,116964
119619,118187
119620,116964
119620,118187
119625,116964
119625,118187
119629,116964
119629,118187
119632,116964
119632,118187
119637,116964
119637,118187
119639,117384
119641,117389
119642,117389
119642,117390
119643,117389
119643,117390
119651,116964
119651,118187
119652,119668
119652,119648
119652,119650
119653,119668
119653,119648
119653,119650
119654,119652
119654,119653
119657,119647
119658,119668
119658,119648
119659,115825
119659,119646
119661,116964
119661,118187
119662,119653
119666,116964
119666,118187
119669,119655
119673,119675
119674,119648
119675,119653
119676,115260
119676,115263
119676,116964
119676,118187
119680,119678
119680,119678
119681,119678
119681,119678
119691,115960
119691,115964
119691,116964
119691,118187
119693,116964
119693,118187
119698,115183
119698,118015
119701,114870
119702,114870
119702,114876
119703,116964
119703,118187
119706,119705
119706,119708
119706,119710
119706,119712
119707,119706
119709,119708
119713,119705
119713,119708
119713,119710
119713,119712
119714,119706
119714,119713
119715,119705
119715,119708
119715,119710
119718,119705
119718,119708
119718,119710
119720,119719
119721,116964
119721,118187
119722,116964
119722,118187
119722,116484
119722,116336
119724,119723
119724,119728
119725,119724
119726,119724
119727,119724
119729,119728
119730,119729
119731,119730
119733,119732
119735,119720
119736,119723
119736,119724
119737,119720
119738,119724
119739,119724
119741,119720
119742,119724
119746,119755
119748,116964
119748,118187
119749,117487
119749,117488
119749,119723
119749,119724
119753,119729
119754,119729
119755,119733
119758,116964
119758,118187
119759,115352
119759,120167
119759,120126
119759,116273
119760,116267
119761,116262
119761,115263
119762,116269
119762,115368
119762,119761
119763,116273
119763,116276
119763,116051
119764,116276
119764,116051
119765,116272
119765,116041
119765,116273
119765,116279
119766,118265
119766,120170
119766,116262
119767,116273
119768,116273
119768,116276
119768,116051
119769,116282
119770,116284
119770,116056
119771,116262
119772,116262
119772,116045
119773,116046
119773,120026
119773,120136
119773,120126
119773,116770
119775,116048
119776,116045
119776,116273
119777,116045
119777,116273
119779,116964
119779,118187
119780,117519
119783,119784
119786,119787
119793,116964
119793,118187
119794,116964
119794,118187
119795,116964
119795,118187
119796,116964
119796,118187
119797,117468
119797,116964
119797,118187
119798,116378
119799,116378
119800,116378
119801,116378
119801,115431
119801,119799
119801,119961
119801,119798
119802,116378
119802,119961
119802,119798
119803,116378
119804,116378
119805,116378
119806,116378
119807,116378
119808,116378
119809,116378
119811,116964
119811,118187
119812,116378
119813,116378
119814,116378
119815,116378
119816,116378
119817,116378
119818,116378
119819,116378
119821,116378
119821,119961
119821,119798
119822,116378
119823,116378
119824,116378
119825,116378
119838,116378
119840,116378
119841,116378
119841,115431
119841,119799
119841,119961
119841,119798
119841,119801
119842,116378
119842,119961
119842,119798
119842,119802
119843,116378
119843,119961
119843,119798
119843,119801
119843,119802
119844,116378
119857,119864
119859,116964
119859,118187
119860,116964
119860,118187
119863,118016
119863,116964
119863,118187
119865,116964
119865,118187
119871,119870
119872,116964
119872,118187
119873,116964
119873,118187
119878,116964
119878,118187
119880,119876
119882,119876
119883,119876
119883,119877
119883,119619
119884,119876
119884,119877
119884,119619
119886,119876
119886,119877
119886,119619
119887,119876
119887,119877
119887,119619
119888,119876
119889,119876
119890,119876
119891,119876
119909,119911
119913,116964
119913,118187
119914,115661
119916,119914
119921,116964
119921,118187
119922,116964
119922,118187
119923,116964
119923,118187
119924,119653
119924,119930
119925,119924
119925,119653
119925,119674
119926,116964
119926,118187
119927,116375
119927,115661
119927,116964
119927,118187
119930,115827
119934,116964
119934,118187
119936,119928
119936,119930
119937,115827
119937,119930
119938,119928
119938,119930
119939,119928
119939,115827
119939,119930
119940,119930
119941,119928
119942,119928
119943,116964
119943,118187
119945,119944
119947,119964
119947,119932
119948,119931
119948,119964
119949,119964
119949,119962
119951,119964
119959,116964
119959,118187
119961,116378
119961,116964
119961,118187
119967,120012
119969,119968
119969,115364
119969,120171
119969,115341
119969,120166
119970,119968
119970,115364
119970,120171
119970,115341
119970,120166
119971,115304
119972,120012
119972,118436
119972,114931
119972,115959
119972,115364
119972,120171
119972,115341
119972,120166
119973,119968
119973,115364
119973,120171
119973,114985
119973,115009
119973,115062
119973,115074
119974,115607
119975,119974
119976,120012
119976,114931
119976,114985
119977,119978
119978,120001
119978,119967
119978,119973
119979,115685
119979,115689
119979,117724
119980,119969
119980,119970
119981,119970
119981,119973
119981,116105
119981,116263
119981,116319
119988,116964
119988,118187
119989,119914
119990,119914
119991,119990
119992,119914
119995,119992
119996,119989
119996,119990
119996,119994
119997,119989
120001,120012
120001,115788
120001,118436
120003,120000
120006,118436
120006,120012
120006,115788
120007,119970
120007,120000
120008,120006
120008,118508
120011,120010
120013,120012
120013,119971
120013,119972
120014,120020
120015,120000
120015,120003
120015,120014
120016,120015
120016,120017
120016,120018
120019,119968
120019,120000
120020,120019
120022,115364
120022,120171
120022,115341
120022,120166
120023,120022
120023,116105
120023,115607
120023,120017
120024,114870
120025,114870
120025,114876
120026,115867
120026,116964
120026,118187
120041,116220
120041,117077
120041,118510
120041,116964
120041,118187
120049,116234
120051,115732
120051,120061
120052,116343
120052,117090
120053,117105
120062,120061
120068,116220
120068,117077
120068,118510
120068,116964
120068,118187
120070,120069
120078,120077
120081,116220
120081,117077
120081,118510
120081,116964
120081,118187
120092,120091
120094,120095
120095,120096
120102,120089
120102,120100
120102,120101
120104,120066
120112,120113
120114,116220
120114,117077
120114,118510
120114,116964
120114,118187
120121,116375
120123,116378
120124,117615
120125,116220
120125,117077
120125,118510
120125,116964
120125,118187
120126,115352
120126,120167
120127,116379
120127,116600
120127,118725
120129,116379
120129,116600
120129,118725
120133,118725
120135,115377
120135,118359
120135,120168
120136,115352
120136,120167
120139,115346
120140,115346
120146,115275
120146,115279
120147,115275
120147,115279
120150,120149
120151,120324
120152,119922
120152,117490
120152,117493
120153,120149
120153,120150
120154,120152
120154,117500
120155,117493
120155,117499
120156,117493
120156,117499
120157,117493
120157,117499
120158,117493
120158,117499
120158,120155
120158,120156
120159,120149
120159,120150
120161,120252
120161,120253
120161,120251
120161,120254
120161,120255
120163,120164
120166,115340
120166,115304
120166,118382
120167,115341
120167,120166
120168,115352
120168,120167
120169,115377
120169,120168
120170,115340
120170,115304
120170,118382
120171,115304
120171,115340
120176,116964
120176,118187
120181,116997
120181,115537
120184,116487
120184,115431
120184,115661
120184,115663
120185,119722
120185,120184
120186,116343
120187,119926
120187,119425
120188,115010
120188,115011
120190,118139
120196,119450
120197,119450
120198,120323
120199,120198
120201,116388
120201,120200
120203,116389
120203,120200
120204,116389
120204,120200
120206,120204
120212,115391
120213,115391
120213,116876
120214,115381
120215,115379
120215,115384
120216,115396
120217,115396
120217,115397
120217,120216
120218,115787
120218,115788
120218,120135
120218,115813
120219,115377
120219,118359
120219,120168
120219,115074
120220,120219
120221,120219
120221,120136
120222,120219
120222,120136
120223,120026
120226,117721
120226,118294
120226,120136
120226,116045
120226,116273
120227,120228
120227,116126
120229,120228
120229,116125
120229,116126
120232,120026
120233,120232
120234,120026
120237,120022
120238,120022
120238,120000
120239,120022
120246,115275
120247,115275
120248,116315
120250,117539
120250,117541
120250,117540
120250,117387
120251,120177
120251,120178
120251,120160
120251,120314
120251,119169
120251,120176
120252,120177
120252,120178
120252,120160
120252,120314
120252,119169
120252,120176
120253,120177
120253,120178
120253,120160
120253,120314
120253,119169
120253,120176
120254,120177
120254,120178
120254,120160
120254,120314
120254,119169
120254,120176
120255,120177
120255,120178
120255,120160
120255,120314
120255,119169
120255,120176
120256,120252
120256,120253
120256,120251
120256,120254
120256,120255
120257,120252
120257,120253
120257,120251
120257,120254
120257,120255
120258,120252
120258,120253
120258,120251
120258,120254
120258,120255
120259,119171
120259,120161
120259,120315
120259,120256
120259,120257
120259,120258
120260,119171
120260,120161
120260,120315
120260,120256
120260,120257
120260,120258
120261,119171
120261,120161
120261,120315
120261,120256
120261,120257
120261,120258
120262,119171
120262,120161
120262,120315
120262,120256
120262,120257
120262,120258
120265,120176
120265,119087
120265,120263
120265,120264
120266,120176
120266,119087
120266,120263
120266,120264
120267,119170
120267,120259
120267,120260
120267,120261
120267,120262
120268,119168
120268,120265
120268,120266
120269,119170
120269,120259
120269,120260
120269,120261
120269,120262
120270,119168
120270,120265
120270,120266
120271,116964
120271,118187
120272,117214
120272,117838
120272,116964
120272,118187
120273,115263
120274,115263
120275,115263
120276,115263
120278,120241
120278,120242
120280,120243
120281,120244
120282,120243
120282,120244
120284,120243
120284,120280
120285,120281
120285,120279
120311,120272
120311,119860
120311,117214
120311,120381
120311,117838
120311,116272
120312,120311
120313,119970
120313,119973
120313,116105
120313,116263
120313,116319
120315,120252
120315,120253
120315,120251
120315,120254
120315,120255
120317,118533
120317,118534
120317,118535
120318,116939
120320,118016
120320,118029
120321,118016
120321,118029
120322,115340
120322,115304
120322,118382
120323,119965
120324,120149
120324,120150
120333,116273
120334,116045
120334,116273
120340,119655
120346,120345
120348,116770
120348,116771
120348,116773
120349,120348
120350,116802
120369,117446
120369,118196
120370,117446
120370,118196
120372,116375
120372,119477
120382,117214
120382,117838
120383,120203
120383,120204
120384,120200
120385,115608
120386,119693
120386,119758
120386,119866
120386,115642
120386,115648
120386,115649
120389,115669
120390,115667
120392,119974
120394,114814
120394,114784
120396,115929
120397,120218
120402,116964
120402,118187
120407,115359
120407,115290
120407,115291
120407,115275
120407,115279
120408,118618
120412,118618
120413,120126
120413,118297
120413,118381
120414,118023
120414,120415
120414,118029
120414,118031
120414,118049
120415,118016
120415,118029
120416,116964
120416,118187
120417,116273
120419,116964
120419,118187
120420,115124
120421,118517
120421,114931
120428,119136
120428,119137
120428,119124
120435,117463
120436,120435
120439,119190
120442,117463
120443,115074
120443,115376
120443,115375
120444,117553
120444,117568
120444,115563
120444,115564
120444,117557
120450,120252
120450,120253
120450,120251
120450,120254
120450,120255
120451,116817
120452,120176
120452,119087
120452,120263
120452,120264
120453,116676
120458,116767
120458,116771
120460,116273
120460,120126
120460,116263
120461,117775
120464,119668
120464,119652
120467,116519
120469,119876
120470,119876
120471,119876
120473,120472
120474,117002
